{
  "front_right": [
    [
      998.920232,
      0.0,
      1032.0
    ],
    [
      0.0,
      999.19173,
      480.0
    ],
    [
      0.0,
      0.0,
      1.0
    ]
  ],
  "front_left_center": [
    [
      3394.88261,
      0.0,
      1032.0
    ],
    [
      0.0,
      3395.074896,
      480.0
    ],
    [
      0.0,
      0.0,
      1.0
    ]
  ],
  "rear_left": [
    [
      988.352816,
      0.0,
      1032.0
    ],
    [
      0.0,
      989.644273,
      480.0
    ],
    [
      0.0,
      0.0,
      1.0
    ]
  ],
  "rear_right": [
    [
      991.547617,
      0.0,
      1032.0
    ],
    [
      0.0,
      995.401012,
      480.0
    ],
    [
      0.0,
      0.0,
      1.0
    ]
  ],
  "front_left": [
    [
      984.501441,
      0.0,
      1032.0
    ],
    [
      0.0,
      982.18509,
      480.0
    ],
    [
      0.0,
      0.0,
      1.0
    ]
  ]
}