{
  "matrices": {
    "front_right": [
      [
        998.920232,
        0.0,
        1033.734048
      ],
      [
        0.0,
        999.19173,
        433.656766
      ],
      [
        0.0,
        0.0,
        1.0
      ]
    ],
    "front_left_center": [
      [
        3394.88261,
        0.0,
        981.607769
      ],
      [
        0.0,
        3395.074896,
        616.689835
      ],
      [
        0.0,
        0.0,
        1.0
      ]
    ],
    "rear_left": [
      [
        988.352816,
        0.0,
        1057.744032
      ],
      [
        0.0,
        989.644273,
        410.634846
      ],
      [
        0.0,
        0.0,
        1.0
      ]
    ],
    "rear_right": [
      [
        991.547617,
        0.0,
        1027.083765
      ],
      [
        0.0,
        995.401012,
        429.616504
      ],
      [
        0.0,
        0.0,
        1.0
      ]
    ],
    "front_left": [
      [
        984.501441,
        0.0,
        1006.639743
      ],
      [
        0.0,
        982.18509,
        412.293228
      ],
      [
        0.0,
        0.0,
        1.0
      ]
    ]
  },
  "distortions": {
    "front_right": [
      -0.183114,
      0.047157,
      -0.001163,
      -0.000877,
      0.0
    ],
    "front_left_center": [
      -0.193355,
      -0.178479,
      0.000871,
      -0.003759,
      0.0
    ],
    "rear_left": [
      -0.187649,
      0.05057,
      0.00035,
      -0.00012,
      0.0
    ],
    "rear_right": [
      -0.177278,
      0.048259,
      0.001448,
      -0.002038,
      0.0
    ],
    "front_left": [
      -0.194307,
      0.052373,
      -0.000273,
      -0.001659,
      0.0
    ]
  }
}